{"cameraMode":{"drawMode":0,"name":"Shaded","section":"Shading Mode"},"sceneLighting":false,"audioPlay":false,"sceneViewState":{"m_AlwaysRefresh":false,"showFog":true,"showSkybox":false,"showFlares":true,"showImageEffects":true,"showParticleSystems":true,"showVisualEffectGraphs":true,"m_FxEnabled":true},"in2DMode":false,"pivot":{"x":11.979843139648438,"y":1.8367226123809815,"z":-3.2466647624969484},"rotation":{"x":0.06914819031953812,"y":-0.6893525719642639,"z":0.06638047844171524,"w":0.7180633544921875},"size":2.200042963027954,"orthographic":false}