{"cameraMode":{"drawMode":0,"name":"Shaded","section":"Shading Mode"},"sceneLighting":true,"audioPlay":false,"sceneViewState":{"m_AlwaysRefresh":false,"showFog":true,"showSkybox":true,"showFlares":true,"showImageEffects":true,"showParticleSystems":true,"showVisualEffectGraphs":true,"m_FxEnabled":true},"in2DMode":false,"pivot":{"x":29.7249813079834,"y":-1.0292658805847169,"z":41.616085052490237},"rotation":{"x":0.3219597339630127,"y":-0.15386296808719636,"z":0.053114406764507297,"w":0.9326580762863159},"size":5.500659465789795,"orthographic":false}