{"cameraMode":{"drawMode":0,"name":"Shaded","section":"Shading Mode"},"sceneLighting":false,"audioPlay":false,"sceneViewState":{"m_AlwaysRefresh":false,"showFog":true,"showSkybox":false,"showFlares":true,"showImageEffects":true,"showParticleSystems":true,"showVisualEffectGraphs":true,"m_FxEnabled":true},"in2DMode":false,"pivot":{"x":14.477638244628907,"y":1.6485122442245484,"z":-0.2639122009277344},"rotation":{"x":-0.028731707483530046,"y":0.9177959561347961,"z":-0.39020341634750368,"w":-0.06757976114749909},"size":1.165723204612732,"orthographic":true}